id,mode,tier,edge_type,depends_on_or_tests,blast_radius,stance_tainted,reaches_core
A1.0,AX_CORE,0,depends_on,,65,False,True
A1.1,AX_CORE,0,depends_on,,5,False,True
A1.2,AX_CORE,0,depends_on,,4,False,True
A1.3,AX_SCAFFOLD,1,depends_on,A1.0,3,False,True
D1.1,AX_SCAFFOLD,1,depends_on,A1.1|A1.2,0,False,True
D1.2,AX_SCAFFOLD,1,depends_on,A1.1|A1.2,0,False,True
LN1.1,FW_EXTENDED,1,depends_on,A1.1|A1.2,0,False,True
LN1.2,FW_EXTENDED,1,depends_on,A1.1|A1.2,0,False,True
A2.1,AX_CORE,2,depends_on,A1.0,61,False,True
A2.2,FW_EXTENDED,2,depends_on,A2.1,60,False,True
D2.1,AX_SCAFFOLD,3,depends_on,A2.2,4,True,True
D2.2,AX_SCAFFOLD,3,depends_on,A2.2,1,True,True
E2.1,AX_SCAFFOLD,3,depends_on,A2.2,4,True,True
P2.1,FW_EXTENDED,3,depends_on,A2.2,0,True,True
P2.2,FW_EXTENDED,3,depends_on,A2.2,0,True,True
LN2.1,FW_EXTENDED,3,depends_on,A2.2,0,True,True
A3.1,FW_EXTENDED,4,depends_on,A2.2,0,True,True
A3.2,FW_EXTENDED,4,depends_on,A2.2,5,True,True
D3.1,AX_SCAFFOLD,4,depends_on,A2.2,0,True,True
D3.2,AX_SCAFFOLD,4,depends_on,A2.2,0,True,True
D3.3,AX_SCAFFOLD,4,depends_on,A2.2,3,True,True
E3.1,AX_SCAFFOLD,4,depends_on,A2.2,1,True,True
E3.2,AX_SCAFFOLD,4,depends_on,A2.2,3,True,True
P3.1,FW_EXTENDED,4,depends_on,A2.2,0,True,True
P3.2,FW_EXTENDED,4,depends_on,A2.2,3,True,True
T3.1,AX_DERIVED,4,depends_on,A2.2,12,True,True
T3.2,FW_EXTENDED,4,depends_on,T3.1,5,True,True
LN3.1,FW_EXTENDED,4,depends_on,A2.2,0,True,True
A4.1,FW_EXTENDED,5,depends_on,A2.2,0,True,True
A4.2,FW_EXTENDED,5,depends_on,A2.2,0,True,True
D4.1,AX_SCAFFOLD,5,depends_on,A2.2,0,True,True
D4.2,AX_SCAFFOLD,5,depends_on,A2.2,0,True,True
E4.1,AX_SCAFFOLD,5,depends_on,A2.2,0,True,True
T4.1,FW_EXTENDED,5,depends_on,A2.2,0,True,True
T4.2,FW_EXTENDED,5,depends_on,A2.2,0,True,True
LN4.1,FW_EXTENDED,5,depends_on,A2.2,0,True,True
A5.1,FW_EXTENDED,6,depends_on,,50,False,False
A5.2,FW_EXTENDED,6,depends_on,A5.1,3,True,False
D5.1,AX_SCAFFOLD,6,depends_on,A5.1,0,True,False
D5.2,AX_SCAFFOLD,6,depends_on,A5.1,10,True,False
D5.3,AX_SCAFFOLD,6,depends_on,A5.1,0,True,False
P5.1,FW_EXTENDED,6,depends_on,A5.1,0,True,False
P5.2,FW_EXTENDED,6,depends_on,A5.1,3,True,False
EXP5.1,HY_EVIDENCE,6,depends_on,A5.1,0,True,False
EXP5.2,HY_EVIDENCE,6,depends_on,A5.1,0,True,False
LN5.1,FW_EXTENDED,6,depends_on,A5.1,3,True,False
A6.1,FW_EXTENDED,7,depends_on,A5.1,0,True,False
A6.2,FW_EXTENDED,7,depends_on,A5.1,16,True,False
A6.3,FW_EXTENDED,7,depends_on,A5.1,1,True,False
D6.1,AX_SCAFFOLD,7,depends_on,A5.1,0,True,False
D6.2,AX_SCAFFOLD,7,depends_on,A5.1,0,True,False
E6.1,FW_EXTENDED,7,depends_on,A5.1,0,True,False
E6.2,AX_SCAFFOLD,7,depends_on,A5.1|D5.2|A6.2,1,True,False
P6.1,FW_EXTENDED,7,depends_on,A6.2,0,True,False
P6.2,FW_EXTENDED,7,depends_on,A6.3,0,True,False
T6.1,FW_EXTENDED,7,depends_on,A5.1|A6.2,11,True,False
LN6.1,FW_EXTENDED,7,depends_on,T6.1,10,True,False
A7.1,FW_EXTENDED,8,depends_on,LN6.1,9,True,False
A7.2,FW_EXTENDED,8,depends_on,A7.1,1,True,False
BC1,FW_EXTENDED,8,depends_on,LN6.1|A7.1,5,True,False
BC2,AX_DERIVED,8,depends_on,T3.1|T3.2,4,True,True
BC3,FW_EXTENDED,8,depends_on,A5.1|A6.2,4,True,False
BC4a,FW_EXTENDED,8,depends_on,,13,False,False
BC4b,FW_EXTENDED,8,depends_on,BC4a,1,False,False
BC5,FW_EXTENDED,8,depends_on,BC4a,4,False,False
BC6,FW_EXTENDED,8,depends_on,,80,False,False
BC7,AX_DERIVED,8,depends_on,BC6,3,False,False
BC8,AX_DERIVED,8,depends_on,BC6,3,False,False
BC9,FW_EXTENDED,8,depends_on,BC4a|BC6,3,False,False
ID7.1,FW_EXTENDED,9,depends_on,BC6,3,False,False
PERSONHOOD,FW_EXTENDED,9,depends_on,BC6,0,False,False
A8.1,FW_EXTENDED,9,depends_on,BC6,0,False,False
A8.2,FW_EXTENDED,9,depends_on,BC6,3,False,False
D8.1,AX_SCAFFOLD,9,depends_on,BC6,3,False,False
T8.1,FW_EXTENDED,9,depends_on,BC6,0,False,False
C8.1,FW_EXTENDED,9,depends_on,BC6,0,False,False
C8.2,FW_EXTENDED,9,depends_on,BC6,0,False,False
A9.1,FW_EXTENDED,10,depends_on,BC6,0,False,False
A9.2,FW_EXTENDED,10,depends_on,BC6,3,False,False
D9.1,AX_SCAFFOLD,10,depends_on,BC6,6,False,False
E9.1,AX_SCAFFOLD,10,depends_on,BC6,0,False,False
P9.1,FW_EXTENDED,10,depends_on,BC6,0,False,False
P9.2,FW_EXTENDED,10,depends_on,BC6,0,False,False
P9.3,FW_EXTENDED,10,depends_on,BC6,0,False,False
P9.4,FW_EXTENDED,10,depends_on,BC6,0,False,False
P9.5,FW_EXTENDED,10,depends_on,BC6,0,False,False
A10.1,FW_EXTENDED,11,depends_on,BC6,0,False,False
A10.2,FW_EXTENDED,11,depends_on,BC6,0,False,False
D10.1,AX_SCAFFOLD,11,depends_on,BC6,0,False,False
E10.1,AX_SCAFFOLD,11,depends_on,BC6,0,False,False
P10.1,FW_EXTENDED,11,depends_on,BC6,0,False,False
P10.2,FW_EXTENDED,11,depends_on,BC6,0,False,False
A11.1,FW_EXTENDED,11,depends_on,BC6,1,False,False
A11.2,FW_EXTENDED,11,depends_on,BC6,12,False,False
D11.1,AX_SCAFFOLD,11,depends_on,BC6,0,False,False
T11.1,FW_EXTENDED,11,depends_on,BC6,1,False,False
T11.2,FW_EXTENDED,11,depends_on,BC6,0,False,False
A12.1,FW_EXTENDED,11,depends_on,BC6,0,False,False
A12.2,FW_EXTENDED,11,depends_on,BC6,0,False,False
D12.1,AX_SCAFFOLD,11,depends_on,BC6,0,False,False
D12.2,AX_SCAFFOLD,11,depends_on,BC6,0,False,False
E12.1,AX_SCAFFOLD,11,depends_on,BC6,0,False,False
T12.1,FW_EXTENDED,11,depends_on,BC6,0,False,False
T12.2,FW_EXTENDED,11,depends_on,BC6,0,False,False
A13.1,FW_EXTENDED,12,depends_on,BC6,0,False,False
A13.2,FW_EXTENDED,12,depends_on,BC6,0,False,False
D13.1,AX_SCAFFOLD,12,depends_on,BC6,0,False,False
E13.1,AX_SCAFFOLD,12,depends_on,BC6,0,False,False
T13.1,FW_EXTENDED,12,depends_on,BC6,0,False,False
A14.1,HY_EVIDENCE,12,depends_on,BC6,0,False,False
A14.2,HY_EVIDENCE,12,depends_on,BC6,0,False,False
D14.1,AX_SCAFFOLD,12,depends_on,BC6,0,False,False
E14.1,FW_EXTENDED,12,depends_on,BC6,2,False,False
PRED14.1,HY_EVIDENCE,12,depends_on,E14.1,1,False,False
D19.1,AX_SCAFFOLD,13,depends_on,D3.3,2,True,True
D19.2,AX_SCAFFOLD,13,depends_on,E2.1,2,True,True
D19.3,AX_SCAFFOLD,13,depends_on,T3.1|A8.2,2,True,True
D19.4,AX_SCAFFOLD,13,depends_on,D9.1,2,False,False
D19.5,AX_SCAFFOLD,13,depends_on,P3.2,2,True,True
D19.6,AX_SCAFFOLD,13,depends_on,T3.1,2,True,True
D19.7,AX_SCAFFOLD,13,depends_on,LN5.1,2,True,False
D19.8,AX_SCAFFOLD,13,depends_on,D8.1,2,False,False
D19.9,AX_SCAFFOLD,13,depends_on,A9.2,2,False,False
D19.10,AX_SCAFFOLD,13,depends_on,BC4a,2,False,False
E19.1,AX_SCAFFOLD,13,depends_on,D19.1|D19.2|D19.3|D19.4|D19.5|D19.6|D19.7|D19.8|D19.9|D19.10,1,True,True
T19.1,FW_EXTENDED,13,depends_on,E19.1|D2.1,0,True,True
A19.1,HY_EVIDENCE,13,depends_on,E2.1|E3.1,0,True,True
T16.1,FW_EXTENDED,14,depends_on,BC1|BC2|BC3|BC4a|BC5|BC6|BC7|BC8|BC9,0,True,True
T16.2,FW_EXTENDED,14,depends_on,BC4a,0,False,False
T16.3,FW_EXTENDED,14,depends_on,BC1|BC2|BC3|BC4a|BC5|BC6|BC7|BC8|BC9,0,True,True
T16.4,FW_EXTENDED,14,depends_on,BC1,0,True,False
T16.5,FW_EXTENDED,14,depends_on,A7.2,0,True,False
T16.6,FW_EXTENDED,14,depends_on,BC1|BC2|BC3|BC4a|BC5|BC6,0,True,True
A17.1,HY_EVIDENCE,15,depends_on,D5.2,3,True,False
A17.2,FW_EXTENDED,15,depends_on,A17.1,2,True,False
D17.1,AX_SCAFFOLD,15,depends_on,D5.2,0,True,False
T17.1,FW_EXTENDED,15,depends_on,A17.1|A17.2,1,True,False
OPEN17.1,HY_EVIDENCE,15,depends_on,T17.1|A11.1,0,True,False
EV15.1,HY_EVIDENCE,16,tests,ID7.1,0,False,False
EV15.2,HY_EVIDENCE,16,tests,P5.2|D5.2,1,True,False
EV15.3,HY_EVIDENCE,16,tests,P5.2,0,True,False
EV15.4,HY_EVIDENCE,16,tests,A3.2|E3.2,0,True,True
PROT18.1,HY_EVIDENCE,16,tests,BC4a|BC4b,0,False,False
PROT18.2,HY_EVIDENCE,16,tests,A6.2|E6.2,0,True,False
PROT18.3,HY_EVIDENCE,16,tests,D9.1|T3.1,0,True,True
PROT18.4,HY_EVIDENCE,16,tests,E3.2,0,True,True
PROT18.5,HY_EVIDENCE,16,tests,T11.1,0,False,False
PRED18.1,HY_EVIDENCE,16,tests,PRED14.1,0,False,False
PRED18.2,HY_EVIDENCE,16,tests,EV15.2,0,True,False
FALS18.1,HY_EVIDENCE,16,kill_condition_for,D2.1,0,True,True
FALS18.2,HY_EVIDENCE,16,kill_condition_for,D9.1,0,False,False
FALS18.3,HY_EVIDENCE,16,kill_condition_for,BC1|BC2|BC3|BC4a|BC5|BC6|BC7|BC8|BC9,0,True,True
U1,FW_EXTENDED,17,depends_on,A3.2|E3.2,0,True,True
U2,FW_EXTENDED,17,depends_on,T3.1,0,True,True
U3,FW_EXTENDED,17,depends_on,D9.1,0,False,False
U4,HY_EVIDENCE,17,depends_on,LOVE-ROOT,0,False,False
LOVE-ROOT,FW_EXTENDED,17,depends_on,BC6|A11.2,11,False,False
FRUIT-GEN,FW_EXTENDED,17,depends_on,LOVE-ROOT,9,False,False
F1,HY_EVIDENCE,17,depends_on,FRUIT-GEN,0,False,False
F2,HY_EVIDENCE,17,depends_on,FRUIT-GEN,0,False,False
F3,HY_EVIDENCE,17,depends_on,FRUIT-GEN,0,False,False
F4,HY_EVIDENCE,17,depends_on,FRUIT-GEN,0,False,False
F5,HY_EVIDENCE,17,depends_on,FRUIT-GEN,0,False,False
F6,HY_EVIDENCE,17,depends_on,FRUIT-GEN,0,False,False
F7,HY_EVIDENCE,17,depends_on,FRUIT-GEN,0,False,False
F8,HY_EVIDENCE,17,depends_on,FRUIT-GEN,0,False,False
F9,HY_EVIDENCE,17,depends_on,FRUIT-GEN,0,False,False
BRIDGE-PHY-THEO,HY_EVIDENCE,17,depends_on,ID7.1|D2.1,0,True,True
BRIDGE-INFO-MIND,HY_EVIDENCE,17,depends_on,A5.1|D2.1,0,True,True
BRIDGE-PHI-CHI,HY_EVIDENCE,17,depends_on,D5.2|D2.2,0,True,True
P0,FW_EXTENDED,17,depends_on,A1.1,0,False,True
P1,FW_EXTENDED,17,depends_on,A5.1,0,True,False
P2,FW_EXTENDED,17,depends_on,A1.3,0,False,True
P3,FW_EXTENDED,17,depends_on,A3.2,0,True,True
P4,FW_EXTENDED,17,depends_on,A5.2,0,True,False
P5,FW_EXTENDED,17,depends_on,A7.1,0,True,False
O1,FW_EXTENDED,17,depends_on,A1.3,1,False,True
O2,FW_EXTENDED,17,depends_on,A3.2,1,True,True
O3,FW_EXTENDED,17,depends_on,A5.1,1,True,False
O4,FW_EXTENDED,17,depends_on,A5.2,1,True,False
SC-*,FW_EXTENDED,17,depends_on,A2.2,0,True,True
META-1,FW_EXTENDED,17,depends_on,A2.2,0,True,True
META-2,FW_EXTENDED,17,depends_on,A2.2,0,True,True
META-3,FW_EXTENDED,17,depends_on,A2.2,0,True,True
FINAL-1,FW_EXTENDED,17,depends_on,A2.2,0,True,True
FINAL-2,FW_EXTENDED,17,depends_on,A2.2,0,True,True
FINAL-3,FW_EXTENDED,17,depends_on,A2.2,0,True,True
LAMBDA,FW_EXTENDED,17,depends_on,ID7.1|O1|O2|O3|O4,0,True,True
CLOSURE,FW_EXTENDED,17,depends_on,A2.2,0,True,True
OMEGA,FW_EXTENDED,17,depends_on,A2.2,0,True,True
INV9,FW_EXTENDED,17,depends_on,BC4a|BC6,0,False,False
